25bf5301-ec36-41e1-b43d-0564d55cd9ff;AMAZON;Invalid fields: lsiting_price
a7e9cf24-f521-479b-bb5f-dc23616b9481;EBAY;Invalid fields: lsiting_price
38f8109f-1faa-432d-a0f2-53bc66629da7;AMAZON;Invalid fields: upload_time
94d688f0-994d-4cc2-8356-b4751657e356;EBAY;Invalid fields: lsiting_price
751ab6fa-c56a-44cb-8511-b689b1c8f992;EBAY;Invalid fields: lsiting_price
7ed1db5f-cec0-4fa0-89b6-f1fa423b0478;AMAZON;Invalid fields: lsiting_price, email_address
4bcd5126-d559-456c-9411-060e47be0d75;AMAZON;Invalid fields: email_address
3b012481-6936-4350-9d96-158d836c22a9;AMAZON;Invalid fields: upload_time
f2a209c4-3124-4bea-82b8-225a817cdbf7;EBAY;Invalid fields: upload_time
36a7f436-073f-4d65-9d65-f78e8a965997;EBAY;Invalid fields: upload_time
d73094d1-15d3-40a8-b48c-150f5fe70c6c;EBAY;Invalid fields: email_address
ad594282-ac0f-4568-b5ff-bf68d598614d;AMAZON;Invalid fields: email_address, upload_time
4d406b2d-ac6b-4f47-9b27-ce2c38aebc6a;EBAY;Invalid fields: lsiting_price, upload_time
c83e29b2-418a-4d69-8f9a-60358c4d94b9;AMAZON;Invalid fields: lsiting_price
a04485c9-2645-48ea-9f88-2da50db4e6ae;EBAY;Invalid fields: lsiting_price
d4ab6b44-51d2-4b25-81eb-1ddff11e8181;AMAZON;Invalid fields: lsiting_price
fba5a81c-0c9c-4977-885d-74310d897c8d;AMAZON;Invalid fields: lsiting_price
04e8f13e-3669-4043-bd01-169a8be40a56;AMAZON;Invalid fields: email_address
e4eebcca-7150-4947-8347-d2d0ad494a45;EBAY;Invalid fields: lsiting_price, upload_time
5d25120f-8276-4239-a9d2-f30f07c7b436;EBAY;Invalid fields: lsiting_price
1a051c81-105c-4acf-90c5-d4cc60f5d8fd;EBAY;Invalid fields: upload_time
2c38cb9d-44fd-47ff-b196-2b8f35d73c63;EBAY;Invalid fields: email_address
f1f30bde-5cb1-422e-87af-16a89d337e72;EBAY;Invalid fields: lsiting_price
f14381bd-399c-41d4-9be4-3200a2a70e31;AMAZON;Invalid fields: email_address, upload_time
18359ab4-e855-4a5e-b891-4e1227cc5740;AMAZON;Invalid fields: lsiting_price, email_address
84714875-8b96-479e-9538-4a1e2bda3930;AMAZON;Invalid fields: email_address
822ec3b8-c1c7-4212-8c41-2bb3bef438db;EBAY;Invalid fields: lsiting_price
da8b261a-0162-486f-a6a2-540c75dd91ee;EBAY;Invalid fields: lsiting_price
564a156f-b042-4ea6-aafe-615fe64928e4;AMAZON;Invalid fields: lsiting_price
8997a386-6812-43bd-8624-30b4e7f8f898;AMAZON;Invalid fields: email_address
186246a4-eb33-4931-bd0c-a2093be9e2cd;AMAZON;Invalid fields: lsiting_price, email_address
05f1028e-6522-40eb-b044-835e1c01bb01;EBAY;Invalid fields: email_address
44eff4c6-2384-4e19-9a4b-60b0f1219fe2;EBAY;Invalid fields: email_address
4c306fb2-d437-44a4-a5d0-e810f4cd179c;AMAZON;Invalid fields: email_address
da4c18a5-ca6b-4cde-a0a2-8ba9e9857828;AMAZON;Invalid fields: email_address
ef421e4c-b10d-409d-a166-8be6b49913e2;AMAZON;Invalid fields: lsiting_price
cedc5690-6677-47f0-a6e7-39a36663b2bf;AMAZON;Invalid fields: email_address, upload_time
b2a5e5e0-6e1c-481a-ba6f-22076faab73e;AMAZON;Invalid fields: email_address
d2699d81-768e-4a36-a4dc-807f16d96a5f;EBAY;Invalid fields: lsiting_price
1c954087-0cea-4736-92e7-d63702396ce5;EBAY;Invalid fields: lsiting_price
fedbdaf8-23a7-4616-88d8-137cf98303f0;EBAY;Invalid fields: upload_time
f359d3c3-70e8-4142-86ae-1f38781bb731;EBAY;Invalid fields: email_address
988037ce-406c-42c8-ae33-7b42afb94489;AMAZON;Invalid fields: email_address
fe10155c-928e-4173-8391-2d5009dc8327;AMAZON;Invalid fields: lsiting_price
dcaf361a-8526-4708-9077-3ccd70788acd;EBAY;Invalid fields: email_address, upload_time
06243b40-1f2d-4893-b4ed-e255f01cb734;AMAZON;Invalid fields: upload_time
4ef6a535-8d06-422f-b1b9-ca8e54a37362;AMAZON;Invalid fields: upload_time
bb4bbaf7-72b1-4dec-9fae-cfd81112204a;AMAZON;Invalid fields: email_address
6894856e-c085-487b-b9b0-a3210658262f;AMAZON;Invalid fields: upload_time
5f9ef2a0-4727-466f-a70a-dc44da61cc01;AMAZON;Invalid fields: email_address
8877a395-04d8-45d3-8b99-a3934ccea9d2;AMAZON;Invalid fields: email_address
4ca937b3-d834-4cf5-9994-dcddd72e202f;EBAY;Invalid fields: upload_time
f77b8a49-7a9b-413f-8446-41becfa58bd7;AMAZON;Invalid fields: lsiting_price, email_address
a3fa09c2-c67b-4650-a9ec-282e46e50a26;AMAZON;Invalid fields: lsiting_price, email_address
2329f927-9e44-4282-a430-0f6d7ddc778e;AMAZON;Invalid fields: email_address
8851e5bb-58dc-4699-af7e-b50819f1d179;AMAZON;Invalid fields: email_address
4d5a8a4e-61e1-4eb3-9c04-e0da6ecbfdcf;AMAZON;Invalid fields: email_address
7c8d81e0-3816-4742-b73d-f1675d67ad49;EBAY;Invalid fields: lsiting_price
a4da5149-3c3f-4702-aec6-6cc2232ad5e4;EBAY;Invalid fields: lsiting_price
884a9759-4667-4616-9c69-ab61615821ce;EBAY;Invalid fields: email_address
c2f3d3a0-5d34-47c4-ab6f-2e9fef470058;EBAY;Invalid fields: upload_time
97cef3db-4d34-4ef9-8854-b3a2bb3b2234;EBAY;Invalid fields: upload_time
fb92e0c9-d92a-46fc-ae46-e3cf183a1dac;EBAY;Invalid fields: email_address
6870ca52-84af-4429-a0f6-70165ffc3dae;AMAZON;Invalid fields: upload_time
5faf6261-2bd3-4462-97f6-3adbbcf144eb;EBAY;Invalid fields: upload_time
5ff4f26f-21a5-44d7-9003-4e68a90e9201;AMAZON;Invalid fields: upload_time
43b23e68-ee6c-4299-8cd4-fbb3f34c4d36;EBAY;Invalid fields: lsiting_price
69f463c3-06a5-4333-b412-2ac133ac7466;AMAZON;Invalid fields: lsiting_price
be655b5d-8de4-421f-bb9b-a53247fd65ab;EBAY;Invalid fields: email_address
69f10266-5e7b-4185-b430-5cc12d9fe55c;AMAZON;Invalid fields: lsiting_price
a640e529-433a-4a15-ac1d-76f6b00e8536;AMAZON;Invalid fields: email_address
797ad7d9-8cd1-417f-a065-306d8d44eb75;EBAY;Invalid fields: lsiting_price
43e4c555-cecd-4591-baca-5c3b23d3d9b3;EBAY;Invalid fields: lsiting_price
3a1ba185-351b-4217-be09-a60661e85183;AMAZON;Invalid fields: lsiting_price, upload_time
4e0e4483-e1d8-407d-bd59-ffcfb663494c;EBAY;Invalid fields: upload_time
bf0cd143-9cff-42e4-b185-b24aa719f13b;EBAY;Invalid fields: lsiting_price, email_address
ebfc5fa5-16ba-4b64-ab51-4e90195a9494;EBAY;Invalid fields: email_address
e9890c77-0844-4a52-9274-a47f7d78ca05;EBAY;Invalid fields: email_address
99cec093-9f97-443b-971b-49bac6742c3c;AMAZON;Invalid fields: email_address
91d9b512-ddc1-4301-b029-d78c901a668c;EBAY;Invalid fields: lsiting_price
0732d07d-0255-413a-9406-48fbdc0968e3;AMAZON;Invalid fields: upload_time
33ab07bb-d19e-4322-81c4-30bf0bedfb26;EBAY;Invalid fields: email_address
14114a00-2bdb-4380-b041-9bb30da6514b;EBAY;Invalid fields: email_address
6a50a71f-deb5-42d6-956c-83c3fd4884bb;EBAY;Invalid fields: email_address
c44afeac-2cd1-473a-bb08-c5f0a36251b8;AMAZON;Invalid fields: email_address
0f84b8e1-df81-4303-97bd-a9e0e492974d;EBAY;Invalid fields: email_address
9b9e0c6c-9229-4b54-a177-4e964f3d662b;AMAZON;Invalid fields: lsiting_price
774b8783-2c49-4a0e-b012-0ac33cf7eb90;AMAZON;Invalid fields: email_address
882eebe0-ac4b-4da0-9176-c8f02c883378;EBAY;Invalid fields: email_address
07855d72-34f0-4e74-898e-2e6eaae39057;AMAZON;Invalid fields: upload_time
2b45b806-7679-435f-919b-59e34a9faec0;AMAZON;Invalid fields: email_address, upload_time
62e33a75-8c21-4e42-9e63-f62df85ed8e3;AMAZON;Invalid fields: lsiting_price
03674944-0182-435b-a8c1-42e5b6e97a14;AMAZON;Invalid fields: lsiting_price, upload_time
fb63baa9-d25c-46f1-8db9-ca181ef12715;EBAY;Invalid fields: email_address, upload_time
0249a671-4b25-4788-865c-0641b5a09676;EBAY;Invalid fields: upload_time
a2952e52-7279-41f0-ae54-fe9865be2a0f;EBAY;Invalid fields: email_address
ec9cab6c-ac2c-4c0f-be01-7cc09b1699e2;AMAZON;Invalid fields: email_address
d2dce7d9-9729-4b7b-84aa-2cfd52ae78a4;EBAY;Invalid fields: email_address
13bf24d3-7245-4dd7-b6c8-f13d0edea81f;AMAZON;Invalid fields: email_address
167ec23c-08e1-45f9-84ad-6f30c6dbe077;AMAZON;Invalid fields: lsiting_price
cc248c88-d635-485c-9748-b8cf8ee739fe;AMAZON;Invalid fields: lsiting_price
42a97b4a-1d4e-4266-a169-01fce8b95a04;EBAY;Invalid fields: lsiting_price
2f6da1aa-583e-425c-9d21-4eef903a0d76;AMAZON;Invalid fields: email_address
7f1566a2-5aaf-4f44-aa21-e55c7d5244c0;EBAY;Invalid fields: email_address
0c7f769f-bf15-498a-a1c9-963edeaf9834;AMAZON;Invalid fields: email_address
9d3ce747-375d-4053-afda-6fd16636bc72;EBAY;Invalid fields: lsiting_price
d1a689d5-32da-4c21-bdb7-4306cbfc952c;EBAY;Invalid fields: email_address
67d123ef-695c-441d-ba4b-e69c4bd2516d;EBAY;Invalid fields: email_address
3d93475a-ff33-4afb-8db4-b08d8bf29131;EBAY;Invalid fields: upload_time
d9685788-fe46-4bcb-90f5-7ae36450cf73;EBAY;Invalid fields: email_address
0484f358-66e5-44f7-a876-14b1c4717ad8;EBAY;Invalid fields: upload_time
6663bb79-b60a-4dad-8948-3af11eea476a;AMAZON;Invalid fields: lsiting_price, upload_time
9d604012-622e-4a81-ad8f-7d6cfc205552;EBAY;Invalid fields: lsiting_price, email_address
42661818-cbe2-46ad-9e9d-0a5f1ad3fc26;AMAZON;Invalid fields: lsiting_price
1b12642e-8ea3-4b54-a96c-e498383f1572;EBAY;Invalid fields: email_address
7a27ac1d-ab0d-4bcd-93a1-ac447e05ef49;AMAZON;Invalid fields: lsiting_price
c806eaf3-3b36-41fa-8b3f-b9b901184c77;EBAY;Invalid fields: email_address
9dfe8634-a260-4e94-a068-5d55df35006e;AMAZON;Invalid fields: email_address
1d754066-32a3-405f-8e2c-4cac370f3a29;AMAZON;Invalid fields: lsiting_price
810c68e3-50fe-48e6-96f1-8485a41fef3d;AMAZON;Invalid fields: upload_time
eaa568cd-d584-42d7-a8a7-b0c36afff6a1;EBAY;Invalid fields: email_address
bbacddee-1ce8-44d0-a845-b0f5853ffd1f;EBAY;Invalid fields: lsiting_price
29a987f6-47cf-4e44-8666-254793982d79;EBAY;Invalid fields: email_address, upload_time
b8a20a0f-0508-4106-9a88-f2b41f78936d;EBAY;Invalid fields: upload_time
bb65c2f1-0d7e-486a-ae55-795c13a122c4;AMAZON;Invalid fields: upload_time
70f569e3-54eb-40f1-b1f5-edbe4c65376f;AMAZON;Invalid fields: lsiting_price
9fae36f5-6606-4a43-b1c0-61f96f1db694;AMAZON;Invalid fields: upload_time
104945cd-7910-4f54-9e45-4d92392508d6;AMAZON;Invalid fields: email_address
e505bf55-6a00-4443-ab3e-4ce01eddfc81;AMAZON;Invalid fields: email_address, upload_time
a68c71b3-8ecb-4255-9e4b-16cc73c10b86;AMAZON;Invalid fields: email_address
73f96baa-c5f3-42e5-9143-228850b76843;AMAZON;Invalid fields: lsiting_price
6bba5ea6-f1ee-4baf-a406-e8993d366754;EBAY;Invalid fields: lsiting_price, upload_time
6ac60081-35a0-4bf7-a9b4-874bfdc3c051;EBAY;Invalid fields: lsiting_price
841284db-8d53-4f1b-8d49-e9f25e091aa5;EBAY;Invalid fields: email_address
38327112-678d-4113-8da9-38e6907deae7;EBAY;Invalid fields: lsiting_price, upload_time
244d7c3e-82ea-48e8-b158-4abea58d4e47;EBAY;Invalid fields: lsiting_price
59a94828-47ad-4cd5-9ca6-9a2198731f99;EBAY;Invalid fields: lsiting_price
9c92e9f8-0116-4c17-8476-c3fdae05f99c;EBAY;Invalid fields: email_address
315ff459-23f2-48f2-bed0-e279376fb436;EBAY;Invalid fields: email_address
52562d04-7f96-42f7-9b0b-ecf79ee2f3af;EBAY;Invalid fields: lsiting_price
bcecd644-246c-409f-9e36-a0efadcabc17;AMAZON;Invalid fields: lsiting_price
cde956a8-29c3-4187-b917-991883e25bf8;AMAZON;Invalid fields: upload_time
9c5532db-b6a9-4910-b48c-c01bbd1c35fa;AMAZON;Invalid fields: email_address
c2ab3d53-4a56-4785-ae2f-7a6bba068485;EBAY;Invalid fields: email_address
5f0aa256-82fa-4005-9a66-2b2949a19247;AMAZON;Invalid fields: email_address
9261d9df-7188-4feb-98f7-9167bfa15b4d;EBAY;Invalid fields: lsiting_price, email_address
716e213c-9e00-444a-a2a5-d84ee19ea319;AMAZON;Invalid fields: upload_time
c57dbedc-47ad-41d3-97c6-bcc7054e0a4b;EBAY;Invalid fields: lsiting_price
0f81b7e4-b8dd-46f6-af8a-8b40d2c349fe;AMAZON;Invalid fields: lsiting_price
e80064dd-d230-433f-84a7-8c84b75acd51;EBAY;Invalid fields: lsiting_price, email_address
cdf4bc3d-3a72-4064-989a-d8aae8a74fe0;AMAZON;Invalid fields: lsiting_price
c7e060f0-d13b-4afc-8217-4eea079aee7c;AMAZON;Invalid fields: lsiting_price
b19e6ab8-5173-444a-beb3-e407edd8ec5d;AMAZON;Invalid fields: lsiting_price
af1d9806-0972-4695-88de-9b7b33c1f1ff;EBAY;Invalid fields: email_address
2b87450e-30e0-44d9-b34b-83218ed5d8e1;EBAY;Invalid fields: lsiting_price, email_address
960246eb-d1a4-4ff8-a2af-2232bc80f4a4;EBAY;Invalid fields: upload_time
195452d9-e146-48bf-8b50-5c748e8c9450;AMAZON;Invalid fields: email_address
76cbb9a9-fc41-4e94-be8e-ef4f733b7dc3;EBAY;Invalid fields: email_address
93e112fb-eb90-46e8-8e7f-704640172522;EBAY;Invalid fields: email_address
5d0e56f2-9dd2-455d-a106-fca6be09108c;EBAY;Invalid fields: email_address
da263480-487c-4c47-9ae6-f32ea38de404;AMAZON;Invalid fields: email_address
356d303d-1cc0-4ef0-a806-dd453463e60a;AMAZON;Invalid fields: email_address, upload_time
a6bfb952-3f83-4d0b-af3f-e84def178bcd;AMAZON;Invalid fields: lsiting_price, email_address
1fd859cc-9477-46df-b8d5-9181ad30fa55;EBAY;Invalid fields: upload_time
9e7192ba-9864-42ec-a4ed-79fc9f1b6d9d;EBAY;Invalid fields: lsiting_price, email_address
be5a65da-c0ef-45c4-ab6a-821399d62466;AMAZON;Invalid fields: email_address
33d9f941-ea2d-43fe-a54b-7e7bdc433732;EBAY;Invalid fields: email_address
6006ae34-46ef-4b7a-9a42-57a2d606b08c;AMAZON;Invalid fields: lsiting_price
7c5a948a-aa50-43de-ba3a-06bed5d5f568;AMAZON;Invalid fields: upload_time
0f3b8eba-5228-49af-aa24-3debe8c26b07;AMAZON;Invalid fields: lsiting_price, email_address
9b7ac67a-84d7-4d85-a595-b2551ae51d08;AMAZON;Invalid fields: upload_time
b93f732d-a0ee-44e2-ab61-b7e58fbe14e2;EBAY;Invalid fields: lsiting_price
34b98e8d-b48a-45cf-898c-09192f94b2ab;AMAZON;Invalid fields: lsiting_price
0107bb26-7279-4543-882c-f79445d741c8;EBAY;Invalid fields: lsiting_price
ae1f2112-173a-457c-ba2e-dd870d372c9a;AMAZON;Invalid fields: email_address
4ce0f4f0-8d67-4950-ac06-b6fa6c502f40;EBAY;Invalid fields: email_address
2ac42e12-50f2-4dc7-85cc-a831cc3a3844;EBAY;Invalid fields: email_address
b6c6b223-54b9-475b-bbfe-bb2b275c7166;AMAZON;Invalid fields: email_address
6af40a05-89b8-4444-bb58-4d8ea95d96da;EBAY;Invalid fields: email_address
638c2e0d-bb6e-49ef-a3d0-6774a1113101;EBAY;Invalid fields: upload_time
eed7acd9-3497-46cf-8adf-a42dea3fc0fd;AMAZON;Invalid fields: lsiting_price, email_address
21ebbf0b-c8b9-4b93-afde-a12351cfee6b;EBAY;Invalid fields: lsiting_price
2b62d0db-0f20-484b-a54d-65228f759c5f;AMAZON;Invalid fields: email_address
badcbecc-330b-4142-8fb5-8f87db86edb5;EBAY;Invalid fields: email_address, upload_time
dcbc9b13-f412-4797-b147-f03383043672;AMAZON;Invalid fields: email_address
e37a08f5-077d-436b-9083-0b22327d5825;AMAZON;Invalid fields: lsiting_price, upload_time
2b310e65-9d88-4134-866f-8011c608fbb3;AMAZON;Invalid fields: email_address
7a97b81a-45d2-4d13-b761-a714bca6c897;AMAZON;Invalid fields: email_address
2490cfca-5448-40aa-8a87-406675d1e323;AMAZON;Invalid fields: lsiting_price
240e2396-aafe-41a4-bd5d-be501339ef74;AMAZON;Invalid fields: lsiting_price, email_address
21f5a102-d888-4079-885b-4442245ea657;EBAY;Invalid fields: upload_time
2528bd37-814d-42f2-8843-4d8430bbe3dc;EBAY;Invalid fields: email_address
1d545f9d-b448-47b0-835f-773904b9d2fc;AMAZON;Invalid fields: lsiting_price
9d9c658b-52b5-4554-bc3f-4304eca3dcae;AMAZON;Invalid fields: lsiting_price, email_address
a7d19720-5ef6-4736-baff-2cea7aff8eb9;EBAY;Invalid fields: email_address
9506d1d8-2171-428c-8e8a-bb6340c5d9b8;EBAY;Invalid fields: lsiting_price
2b1456e8-7157-4cc8-a15c-4e6c90a42d5a;EBAY;Invalid fields: email_address
e6b419be-175b-460d-9a7a-173665f9a814;AMAZON;Invalid fields: email_address
ad6cceae-4181-4cba-9c37-ef027743acf9;AMAZON;Invalid fields: lsiting_price, email_address
649d71fe-f849-4f5d-b752-ad612afd6eeb;EBAY;Invalid fields: upload_time
7fc09678-2f58-48b6-a1ef-de3d0c1649fb;AMAZON;Invalid fields: upload_time
52f076d1-56c4-40a3-bd07-10d72b0a159a;EBAY;Invalid fields: email_address
0a2ec3c3-bc44-4bf0-9b86-6121b948ed79;AMAZON;Invalid fields: lsiting_price
61243163-07b9-444d-9035-83969c4710a1;AMAZON;Invalid fields: lsiting_price
b94d3690-9c0b-4009-a665-9b529883bbe4;EBAY;Invalid fields: email_address, upload_time
81d9e27d-d331-4263-b51c-bd1333810a65;EBAY;Invalid fields: upload_time
4d254a84-dbe8-4b73-a1a4-9d5039f10832;AMAZON;Invalid fields: lsiting_price
296e9d51-5a9e-43e9-b2bb-2a8e082743de;AMAZON;Invalid fields: lsiting_price, email_address
f821ba64-81b6-4af0-8175-a6c4fda81bef;EBAY;Invalid fields: lsiting_price
2d8482fe-dcc3-4764-803f-3d65c881b750;EBAY;Invalid fields: upload_time
eef2d81d-9b4e-4aaf-9ca4-f88052d60a97;EBAY;Invalid fields: lsiting_price
2b7cb8ff-f80f-4590-9175-985f93e99fb2;AMAZON;Invalid fields: lsiting_price
b577ca89-e8b2-40c6-856a-2f68e090649e;AMAZON;Invalid fields: lsiting_price, email_address
01235bea-3fe2-42d6-a7d7-cf74b0601702;EBAY;Invalid fields: lsiting_price
168879ec-c56f-4ec8-b38c-e31e9910c3e0;EBAY;Invalid fields: lsiting_price
e1270ded-de88-4b1a-a634-0cfd268e51fc;AMAZON;Invalid fields: lsiting_price
55dffc8f-ccc2-4056-9888-03b083492f2f;EBAY;Invalid fields: lsiting_price, email_address
7f66a462-e955-4213-a05c-259608ece0cb;AMAZON;Invalid fields: email_address
44466b22-0547-4ef1-b2a3-af23b86b1fe0;AMAZON;Invalid fields: upload_time
3e362258-d40f-490d-9030-5eef2ef36eb9;AMAZON;Invalid fields: email_address
2c9d3e7b-ba67-49ae-8741-0ed1fd385eda;AMAZON;Invalid fields: upload_time
49323709-f803-4ef8-970f-1dab494d648c;EBAY;Invalid fields: lsiting_price
5be695d6-7506-458b-b121-6098c6bfdce5;EBAY;Invalid fields: email_address, upload_time
07be8dc0-48c3-4369-99ae-b0c4e88d15d6;AMAZON;Invalid fields: upload_time
9471318a-b8ba-4b5a-8611-9065c34a922c;AMAZON;Invalid fields: lsiting_price
64c27aa0-db3d-4144-a34e-620ae149e15a;EBAY;Invalid fields: lsiting_price
ea76f198-8629-4fd3-848a-171ee0a559c3;AMAZON;Invalid fields: email_address
f5dee0cb-e4c3-42a8-ba3c-95fc43db226b;AMAZON;Invalid fields: email_address
9ede7b55-3106-4ffe-9149-5f6646d95231;AMAZON;Invalid fields: upload_time
f90bad4f-aeeb-4e13-9ebe-6d4740ae3dc7;EBAY;Invalid fields: upload_time
dcc6ad6a-de06-41f9-940b-560c38b234d6;AMAZON;Invalid fields: lsiting_price, email_address
f552b5dd-faac-4c4f-a315-a3ffa2fcbad7;AMAZON;Invalid fields: upload_time
616bbacf-497d-4dac-9b33-28a0a9062345;AMAZON;Invalid fields: email_address
45fbd5ed-668f-4169-a12d-c323052928cf;EBAY;Invalid fields: lsiting_price, email_address
2c443204-88e7-4440-9668-483a5d98fc23;EBAY;Invalid fields: email_address
b4fe878f-eef8-4bee-8390-878d676328c6;EBAY;Invalid fields: upload_time
15d4afcc-f1f2-43c0-bcc1-284c76add26c;EBAY;Invalid fields: email_address
d3a50e09-5d13-4ce0-83d7-3c8369dd7ef9;AMAZON;Invalid fields: lsiting_price
89af6c2f-c45e-4e25-bdbb-e191c34d49f2;AMAZON;Invalid fields: upload_time
059d428e-7466-4bf2-b11b-490dc946e043;AMAZON;Invalid fields: email_address
5a5fd166-0878-41c7-a069-a9f537fe9d30;EBAY;Invalid fields: lsiting_price, email_address
e57936d0-2363-47fa-8660-6a2fd931c2e4;AMAZON;Invalid fields: upload_time
53e313d2-5329-4fe0-aab5-830a5d5ad925;EBAY;Invalid fields: email_address, upload_time
a87b2b27-c3d6-49d8-a50f-4eca8c743dda;AMAZON;Invalid fields: email_address, upload_time
82711e82-dc1c-43cc-99db-de6bc4866938;AMAZON;Invalid fields: email_address
7a3dc4fb-87c0-4e06-92af-7e9da53876e2;AMAZON;Invalid fields: upload_time
03594608-6dfc-4824-b8cc-0ecf3cb82605;AMAZON;Invalid fields: lsiting_price, upload_time
15e5aa30-9635-4165-b987-65e663f8e572;AMAZON;Invalid fields: email_address
d18ed5f2-a1ba-4923-a884-e84a7f965086;AMAZON;Invalid fields: lsiting_price, email_address
b4f27d63-701e-4f6d-a5b6-d1b298fc7a44;EBAY;Invalid fields: lsiting_price, email_address
75b6a950-278c-49cb-8934-e9418ba89e01;AMAZON;Invalid fields: email_address
f519a554-3248-40f4-8401-878f02b7a189;EBAY;Invalid fields: lsiting_price
b6352cdd-8be8-44dc-8290-9791c2889823;AMAZON;Invalid fields: email_address
0cf0cc51-3d1e-4b28-acea-6568f2748057;AMAZON;Invalid fields: email_address
6984f314-240f-4d19-a2f0-62b01ae461e2;AMAZON;Invalid fields: lsiting_price
67b347aa-3ee2-4465-bf5c-7efc455d34a9;EBAY;Invalid fields: lsiting_price
86c7b050-d26f-4efa-8600-56e212fb8ae3;AMAZON;Invalid fields: lsiting_price
2bfe943b-3fe0-40c5-8d88-8c9ac2f964ee;AMAZON;Invalid fields: upload_time
6e5c473f-1356-4f67-adf9-3a73ec0a4130;EBAY;Invalid fields: email_address
16214d1b-b547-44eb-9600-af848229660f;AMAZON;Invalid fields: upload_time
402d4c00-f269-44d1-9cad-551688c87561;AMAZON;Invalid fields: lsiting_price
6788cde3-64a1-436d-af54-0489c96d12b0;EBAY;Invalid fields: email_address
653482a8-b5b2-4d2e-aacc-df1ea3320e0b;EBAY;Invalid fields: upload_time
cd6cccbe-1fb1-4590-ad19-922409ed02c6;AMAZON;Invalid fields: email_address
aa3aae9e-9507-42cf-b3bc-caf50501c1b1;EBAY;Invalid fields: email_address
c1f9cbf1-761d-42ae-91a4-2fabfa97c082;EBAY;Invalid fields: email_address, upload_time
a47828ca-71cd-434d-a9b5-25a5e41980b7;AMAZON;Invalid fields: lsiting_price
6bd4e981-6e4d-4a8f-bc25-5fb3ec71828f;AMAZON;Invalid fields: email_address
90b6c8f4-0772-422b-a5c4-119f41ba60c9;AMAZON;Invalid fields: lsiting_price
32d3fb25-bca3-449f-a611-76e8ef417144;AMAZON;Invalid fields: email_address
4b615c79-ae54-4fda-9db2-6138308246a6;EBAY;Invalid fields: lsiting_price
fdb6fa37-911e-4c69-9c79-d9294ae9936f;AMAZON;Invalid fields: lsiting_price, email_address
593590d7-4c75-4aac-a522-d9368083f376;AMAZON;Invalid fields: email_address
29f1d083-bb23-44f0-912f-48cfc1841935;AMAZON;Invalid fields: lsiting_price
cd956538-f99b-4718-bb9a-63ef3b3e6f59;EBAY;Invalid fields: lsiting_price
e7d91243-e6e8-4153-a236-7dfded1b0a81;AMAZON;Invalid fields: lsiting_price, upload_time
b7ec9a4c-a8eb-4471-b2c7-7fa486e84cd8;AMAZON;Invalid fields: lsiting_price
73cba745-733f-4798-b24c-1cfd69f90d4d;AMAZON;Invalid fields: email_address
24e4b779-deba-435d-8072-8dd8d0f6f7e0;AMAZON;Invalid fields: upload_time
fd42b9c7-e2a2-497a-8944-e1494a5bfdee;EBAY;Invalid fields: upload_time
a22e7353-1ed1-4383-add7-0a40a93c84e6;EBAY;Invalid fields: upload_time
44e56204-1662-4658-87e7-0ef73bda75c2;EBAY;Invalid fields: email_address
9f673d29-89a2-4bc3-a00a-8ad4f082276a;EBAY;Invalid fields: lsiting_price, email_address
74da21f9-96ac-41dd-b3e4-16fb462eb704;AMAZON;Invalid fields: email_address
13e21603-507b-4842-8f29-0ca9757a986b;EBAY;Invalid fields: lsiting_price
4c68d329-c255-46ce-a32e-192a368ee956;EBAY;Invalid fields: lsiting_price, email_address, upload_time
64f9acef-1c8e-40b3-8ed4-45f231db0aab;AMAZON;Invalid fields: lsiting_price
30b28bde-4044-4899-8290-c9ca4fbaed38;AMAZON;Invalid fields: email_address
5c80e9f3-c278-4c1a-b0b9-00fc0481eb80;AMAZON;Invalid fields: email_address
d637f177-7773-4f43-a612-8b12c0b6b437;AMAZON;Invalid fields: email_address
3ea04517-b85d-4272-9743-6b2c39408720;EBAY;Invalid fields: email_address
5df0e6c5-4243-4e24-a689-4950cd9f5401;EBAY;Invalid fields: lsiting_price
3d12444d-7872-4cb7-a69d-e09a0ebd2f90;AMAZON;Invalid fields: lsiting_price
6cf38b4a-a600-4360-8882-003a8015f7bc;EBAY;Invalid fields: upload_time
f79aa2c1-9a84-4d3c-9994-5212dc0b65f9;AMAZON;Invalid fields: lsiting_price, upload_time
b21ed702-3dc1-494e-a4ef-98e771f56e77;EBAY;Invalid fields: upload_time
60aaed59-d5e5-4044-9109-0f0f95551c94;EBAY;Invalid fields: upload_time
e77c58a2-d323-4ae8-a802-b23eb8ce7e5a;AMAZON;Invalid fields: lsiting_price, email_address
ffa3c7ea-1d7f-4e3f-a736-23f39b02e6e7;EBAY;Invalid fields: lsiting_price
f6f9ead4-2944-47a2-b12c-9ad3fc6a4a7a;AMAZON;Invalid fields: lsiting_price
e6ac071c-f449-4ea7-9007-3601b18a98ff;AMAZON;Invalid fields: upload_time
ecd72ee6-4053-4e45-a812-4040f803de15;EBAY;Invalid fields: email_address
fb372120-6712-4e90-957a-b164bc60a602;AMAZON;Invalid fields: upload_time
3650ba9b-5d7e-4ddb-becd-ddb112aa163e;EBAY;Invalid fields: lsiting_price
8bdd4c63-e2a4-4024-8b5d-7546993bfb54;EBAY;Invalid fields: lsiting_price, email_address
2a3f2fd3-7861-4849-8519-330b41d409b7;AMAZON;Invalid fields: upload_time
ab65c61e-76d7-447d-b32f-b0f3abe22315;EBAY;Invalid fields: lsiting_price, email_address
d5642e92-8f6e-429d-8826-5a18ba8b1414;AMAZON;Invalid fields: email_address
77f58515-8901-4c17-9d0b-120d73cc77c9;EBAY;Invalid fields: upload_time
9941b87c-0d7a-4b31-ac00-612a85bee822;AMAZON;Invalid fields: lsiting_price
6087a760-e0cf-4cc6-9af4-9d1bd90e362c;AMAZON;Invalid fields: email_address
e9857e20-fda6-4173-83d6-d73639c6bd84;AMAZON;Invalid fields: lsiting_price
09905f33-5827-452c-8c40-34782f4073cf;AMAZON;Invalid fields: lsiting_price
95ee88dd-f80d-4392-a534-014b249951cb;EBAY;Invalid fields: lsiting_price
bd8caf54-ab66-4b41-afdd-bd2b17da6e13;EBAY;Invalid fields: lsiting_price
9e4466c1-7d01-428a-b3bf-69a8cd5c4348;EBAY;Invalid fields: email_address
f6298f36-a1da-4e84-9227-5734e82d0d6d;EBAY;Invalid fields: lsiting_price
7dea2aa8-1f3a-432b-97ea-a716b370bd76;EBAY;Invalid fields: email_address
9b8e8bf9-4cb8-4f63-85ca-84ea458bb768;AMAZON;Invalid fields: upload_time
3b93e34f-440f-4a55-9517-d512e745c57e;EBAY;Invalid fields: lsiting_price, email_address
2db2d73c-8d5e-481a-ab78-a12b28e5a47d;AMAZON;Invalid fields: lsiting_price
161e6625-3fb1-4f79-bbe8-1c1262593484;AMAZON;Invalid fields: upload_time
444fe3f3-7eb4-4e9d-80b2-9a4ca9473254;EBAY;Invalid fields: email_address
4e8025e8-35fa-4af7-8931-8a5a7f2b8aa5;EBAY;Invalid fields: email_address
d6eeeee1-6e4a-4831-83bb-26dea121da5b;AMAZON;Invalid fields: upload_time
e6fafa7c-94a1-49ae-a659-ee5dadc5472a;EBAY;Invalid fields: email_address
9e5ca693-ad42-4585-a98b-16fa0748b86d;EBAY;Invalid fields: lsiting_price, email_address
84bab30d-1753-4657-8f35-cd470e6e9ff2;EBAY;Invalid fields: email_address
5954c218-2d01-4b55-8b40-d2bec7e7c63b;AMAZON;Invalid fields: lsiting_price
49d71d00-c1e7-4010-91e6-dcc3100f386a;EBAY;Invalid fields: upload_time
cac11c8f-daf0-452a-a676-59a46d74a99a;EBAY;Invalid fields: upload_time
5a0be502-4587-4756-b88a-720e5b5aa842;AMAZON;Invalid fields: upload_time
f187cd4b-84ba-416a-bb01-c068b13327a1;EBAY;Invalid fields: email_address
51894d71-37fc-4ee5-9f27-c9ed0416816b;AMAZON;Invalid fields: email_address
1c175224-5fa9-4cc3-b2f4-78a9285f6c3e;AMAZON;Invalid fields: lsiting_price, upload_time
1eb13f44-862d-4622-ab5e-e87b98174079;EBAY;Invalid fields: email_address
02ead621-946a-401e-9f7f-7be85412ff8d;AMAZON;Invalid fields: email_address, upload_time
f68918e1-a74b-4868-b70c-8d3ea2c6ff6c;EBAY;Invalid fields: lsiting_price, upload_time
5c155c00-689f-4cc9-8f5f-90a17a6cbd66;AMAZON;Invalid fields: email_address
6bc3a556-0ac5-4a42-a859-7fa3e1187ba8;EBAY;Invalid fields: email_address
5793349e-3aa4-4b71-a703-abcbbb330a5d;AMAZON;Invalid fields: email_address
80e9a21a-fcf7-4e57-918b-217af1682b0a;EBAY;Invalid fields: email_address
a1029d6e-8989-49b8-9b1a-8a58001a570c;AMAZON;Invalid fields: email_address
76c93081-9029-4237-a732-e2a678ca633a;AMAZON;Invalid fields: lsiting_price
31a8b5b5-df34-4821-93b8-bbf306387f91;EBAY;Invalid fields: lsiting_price
3d7d3c0a-ccca-4faf-9213-0a69a2204d5d;AMAZON;Invalid fields: email_address
c46fb06b-2537-4d5e-bf45-03a9cc2123c2;EBAY;Invalid fields: lsiting_price
6db2562e-9a0a-4070-b508-4acf96999908;AMAZON;Invalid fields: lsiting_price, email_address
b72e8bef-3070-4c65-a88c-c2230360cc7d;EBAY;Invalid fields: email_address
10189e9f-f4c8-4792-9b5c-3e16979ef9e5;EBAY;Invalid fields: email_address
1ccbaf41-7fd9-403e-8ec2-befe69a688a8;EBAY;Invalid fields: email_address
d0e41baf-d52f-4403-9af5-c3578d10ca7f;EBAY;Invalid fields: lsiting_price
c4ec964a-13b9-4c7a-a456-0bbb86e465e2;EBAY;Invalid fields: lsiting_price
5d132eb3-cc47-4a39-8e32-6bdf880bb231;AMAZON;Invalid fields: lsiting_price
f6a90c72-c648-49a7-ab3d-9dec4183ee35;AMAZON;Invalid fields: email_address
6b3dfc49-141c-4c10-ae6a-4ffd1cc52611;EBAY;Invalid fields: lsiting_price
2f862563-f17f-4149-aa10-4383ac16bef8;AMAZON;Invalid fields: email_address
3055a77e-8751-43be-a44b-ac54370e70a4;EBAY;Invalid fields: upload_time
eb5a624e-4aae-4847-a62d-0001aaeba493;AMAZON;Invalid fields: lsiting_price
f459c67c-2918-4e55-a345-cfb66712bef8;EBAY;Invalid fields: lsiting_price
13c7c3d6-235e-4885-9821-2cb6e0a13d6e;EBAY;Invalid fields: email_address
3d8dd8d7-4808-4292-88f3-1cdaf8328ff0;EBAY;Invalid fields: email_address
dfa7b69a-1335-4742-a73d-a80bee8355ed;AMAZON;Invalid fields: lsiting_price
74e8c11e-e13b-4db5-8d03-58a8e6e2c9ce;AMAZON;Invalid fields: lsiting_price, email_address
b3cd8083-afed-4809-9ff5-d647fd281520;EBAY;Invalid fields: lsiting_price
87c3635d-6b69-437c-8756-d08f2b4875f3;AMAZON;Invalid fields: email_address, upload_time
9bfca78e-3bb7-4b50-8dfe-73400e1a9566;AMAZON;Invalid fields: lsiting_price
48380098-2958-4729-94dc-4077890885c4;AMAZON;Invalid fields: email_address
6bd7f2d3-a0df-4736-a29e-e70705910cad;EBAY;Invalid fields: upload_time
d8563861-1e15-4719-bc96-20c3b0c257af;AMAZON;Invalid fields: lsiting_price
d7a376ef-ab51-41f3-99eb-fa3c166b0013;AMAZON;Invalid fields: email_address
adb6f7f0-c155-48bd-bfce-169a9e2480cf;AMAZON;Invalid fields: email_address
fc48d8b7-27dc-4046-ac4d-8f6799b063ae;AMAZON;Invalid fields: lsiting_price, email_address
1d1a5e3a-c3ac-447e-9f93-f5f83cac18be;AMAZON;Invalid fields: lsiting_price
7a768761-20d4-4895-b499-a3b39ecd832e;EBAY;Invalid fields: lsiting_price
cd458f2e-d344-4e53-b8be-9559f6c70a89;EBAY;Invalid fields: email_address
4f3a5dd7-6ea2-4802-b0e2-c1dbaf47c8ac;AMAZON;Invalid fields: lsiting_price
6b051376-656e-4bb8-bc37-26c5e59b7f97;EBAY;Invalid fields: lsiting_price
36e60871-287f-4bd1-8b39-8274a972a647;EBAY;Invalid fields: lsiting_price
3d1d52b2-f884-4ce2-a975-4a6b99247beb;EBAY;Invalid fields: email_address
8c6fb9fb-0e07-4d8f-b145-477f413fc606;EBAY;Invalid fields: email_address
ac313786-e7d1-47f3-936c-1bfa0e9ffc53;AMAZON;Invalid fields: email_address
b35844c8-cc28-4da2-81f6-9773cf1692a2;EBAY;Invalid fields: email_address
4a27f379-3fcb-47f3-b993-f71d01fd9e58;AMAZON;Invalid fields: email_address
82e0d100-44e8-4f1a-9d4c-d9ff200e01af;EBAY;Invalid fields: upload_time
ef84f376-dbed-493a-bb36-7a7a27ed4e06;AMAZON;Invalid fields: email_address
83c1743d-18ca-4b49-a402-e8141f179bb5;AMAZON;Invalid fields: email_address
5204033f-56e0-448d-b230-67df220b6323;AMAZON;Invalid fields: lsiting_price
d0c75902-477f-4b40-84f9-345d75d60aaf;AMAZON;Invalid fields: lsiting_price, upload_time
f76a0d65-7df7-4b3d-86af-8e525bf624fd;AMAZON;Invalid fields: lsiting_price, email_address
9d881f94-8d4c-4963-b0a2-7a170f12982d;EBAY;Invalid fields: lsiting_price
bf06a715-d91b-4c23-9dfb-b17ef760ec6e;AMAZON;Invalid fields: lsiting_price
8eecb1f8-63bc-4413-8a1f-a4d0d5ad495a;AMAZON;Invalid fields: email_address
22540987-0d77-4839-875f-57a06eb5f27d;EBAY;Invalid fields: upload_time
d9cb15d8-863a-49a2-912b-5c0f5eb1d19d;AMAZON;Invalid fields: lsiting_price
efdc2664-838b-457c-8ed4-e52bfd925943;EBAY;Invalid fields: email_address
b5c32616-450e-45e4-88e6-a5fcd58274fc;AMAZON;Invalid fields: email_address
87824019-25ed-4a5b-876b-30f9529c002e;AMAZON;Invalid fields: email_address
dbc4cd2b-612b-44c9-9fa6-24ad89544d35;EBAY;Invalid fields: email_address, upload_time
d2ba9f65-155f-42c4-a3de-09c8f8ef6b4d;AMAZON;Invalid fields: lsiting_price, email_address, upload_time
47a4266f-f049-45a8-af89-a60895b2004b;AMAZON;Invalid fields: email_address
564092be-f9b2-46c7-9749-fbb985815e87;EBAY;Invalid fields: lsiting_price, email_address
b79b23d2-9a3a-47f1-aac6-264af454f97e;AMAZON;Invalid fields: lsiting_price
